{
  "faiss_mvps": 94.41205701517309,
  "sequential_mvps": 3.7125836499088645,
  "faiss_latency_us": 1059.1867517930348,
  "sequential_latency_us": 26935.42002816685,
  "faiss_time_ms": 294.4539169984637,
  "sequential_time_ms": 7488.046767830384,
  "faiss_mem_mb": 794.015625,
  "sequential_mem_mb": 795.5625
}