{
  "faiss_mvps": 75.38384410102785,
  "sequential_mvps": 4.5156920292656455
}