{
  "faiss_mvps": 93.75862904025257,
  "sequential_mvps": 5.630760617018972,
  "faiss_latency_us": 1066.5684964001327,
  "sequential_latency_us": 17759.590009518433,
  "faiss_time_ms": 296.5060419992369,
  "sequential_time_ms": 4937.1660226461245,
  "faiss_mem_mb": 793.421875,
  "sequential_mem_mb": 796.46875
}