{
  "faiss_mvps": 100.12849222895662,
  "sequential_mvps": 5.533268782145825,
  "faiss_latency_us": 998.7167266170073,
  "sequential_latency_us": 18072.499988193158,
  "faiss_time_ms": 277.64324999952805,
  "sequential_time_ms": 5024.154996717698,
  "faiss_mem_mb": 792.953125,
  "sequential_mem_mb": 795.953125
}