{
    "ffi_iterations": 100000,
    "total_ffi_time_ms": 18.860708998545306,
    "avg_ffi_latency_us": 0.18860708998545306,
    "avg_python_overhead_us": 0.030242079992603976,
    "net_ffi_overhead_us": 0.15836500999284908
}