{
    "ffi_iterations": 100000,
    "total_ffi_time_ms": 18.665625000721775,
    "avg_ffi_latency_us": 0.18665625000721775,
    "avg_python_overhead_us": 0.03533791998052038,
    "net_ffi_overhead_us": 0.15131833002669737
}