{
    "ffi_iterations": 100000,
    "total_ffi_time_ms": 18.706583003222477,
    "avg_ffi_latency_us": 0.18706583003222477,
    "avg_python_overhead_us": 0.028645000056712888,
    "net_ffi_overhead_us": 0.15842082997551188
}