{
  "mu_target": 131.22368421052633,
  "std_target": 76.83700086687446,
  "mu_other": 197.31954011741684,
  "std_other": 75.00762327717537,
  "threshold": 49,
  "best_mvps": 705.494226629345,
  "best_time_ms": 39.404999999533175,
  "best_latency_us": 141.74460431486753,
  "peak_mem_mb": 936.609375,
  "canary_status": "PASSED"
}