{
  "best_mvps": 122.08059570256464,
  "best_time_ms": 227.71841700159712,
  "best_latency_us": 819.1309964086228,
  "peak_mem_mb": 1059.765625,
  "canary_status": "PASSED"
}