{
  "mu_target": 131.22368421052633,
  "std_target": 76.83700086687446,
  "mu_other": 197.31954011741684,
  "std_other": 75.00762327717537,
  "threshold": 49,
  "best_mvps": 5950.119590871979
}