{
  "mu_target": 131.22368421052633,
  "std_target": 76.83700086687446,
  "mu_other": 197.31954011741684,
  "std_other": 75.00762327717537,
  "threshold": 49,
  "best_mvps": 673.6291163257331,
  "best_time_ms": 41.26899999755551,
  "best_latency_us": 148.44964027897666,
  "peak_mem_mb": 936.71875,
  "canary_status": "PASSED"
}