{
  "best_mvps": 110.34647005182553,
  "best_time_ms": 251.9337500052643,
  "best_latency_us": 906.2365108103032,
  "peak_mem_mb": 985.640625,
  "canary_status": "PASSED"
}