{
  "best_mvps": 106.37134349375383,
  "best_time_ms": 261.3485839974601,
  "best_latency_us": 940.1028201347485,
  "peak_mem_mb": 951.046875,
  "canary_status": "PASSED"
}