{
    "faiss_time_ms": 3.039708004507702,
    "pithos_time_ms": 36.762042000191286,
    "speedup": 0.08268604895484002,
    "recall_1": 0.36,
    "recall_10": 0.4159999999999999,
    "recall_50": 0.4866000000000001,
    "recall_100": 0.5285
}