{
    "faiss_time_ms": 3.1325839991040993,
    "pithos_time_ms": 4.196707999653881,
    "speedup": 0.746438398707381,
    "recall_1": 0.11,
    "recall_10": 0.151,
    "recall_50": 0.1724,
    "recall_100": 0.1979
}