{
    "faiss_time_ms": 3.409499997360399,
    "pithos_time_ms": 4.2285829986212775,
    "speedup": 0.8062984688894745,
    "recall_1": 0.11,
    "recall_10": 0.151,
    "recall_50": 0.1724,
    "recall_100": 0.1979
}