{
    "faiss_time_ms": 3.229750000173226,
    "pithos_time_ms": 37.07766700244974,
    "speedup": 0.08710769207673812,
    "recall_1": 0.97,
    "recall_10": 0.9300000000000002,
    "recall_50": 0.8109999999999999,
    "recall_100": 0.7223
}