{
    "faiss_time_ms": 3.788624999288004,
    "pithos_time_ms": 43.75654199975543,
    "speedup": 0.08658419578286557,
    "recall_1": 0.97,
    "recall_10": 0.9300000000000002,
    "recall_50": 0.8109999999999999,
    "recall_100": 0.7223
}