{
    "faiss_time_ms": 2.9189169945311733,
    "pithos_time_ms": 36.83725000155391,
    "speedup": 0.07923818945247119,
    "recall_1": 0.97,
    "recall_10": 0.9300000000000002,
    "recall_50": 0.8109999999999999,
    "recall_100": 0.7223
}