{
    "faiss_time_ms": 3.21033300133422,
    "pithos_time_ms": 33.62795800057938,
    "speedup": 0.09546618921312167,
    "recall_1": 0.36,
    "recall_10": 0.4159999999999999,
    "recall_50": 0.4866000000000001,
    "recall_100": 0.5285
}